City Of Alpena,"Karen Hebert, Clerk",,(989) 354-1720,(989) 354-1709,alpena-ci@miqvf.org,208 N First Ave,,Alpena,49707
Long Rapids Township,"Mary Sue Thomson, Long Rapids Twp. Clk",,(989) 657-2095,(989) 354-5827,longrapids-tw@miqvf.org,5310 M-65,,Lachine,49753
Alpena Township,"T Juergen Thusat, Clerk",,(989) 356-0297,(989) 356-9540,alpena-tw@miqvf.org,4385 Us-23 North,,Alpena,49707
Green Township,"Melony Sumerix, Clerk",,(989) 379-2398,(989) 379-2308,green04-tw@miqvf.org,2650 Calcut Rd.,,Lachine,49753
Sanborn Township,"Lynda Van Dusen, Sanborn Township Clk",,(989) 471-5138,(989) 471-2692,sanborn-tw@miqvf.org,10660 Washington,PO Box 428,Ossineke,49766
Ossineke Township,"Dennis Liske, Township Clerk",,(989) 727-2340,(989) 727-2340,alpena-co@miqvf.org,11450 Indian Reserve Rd.,,Ossineke,49766
Maple Ridge Township,"Tammy K. Schultz, Maple Ridge Twp. Clk",,(989) 356-0791,,mapleridge04-tw@miqvf.org,6000 Lacomb Rd,,Alpena,49707
Wilson Township,"Pam Walker, Wilson Township Clk",,(989) 727-3981,,wilson04-tw@miqvf.org,6120 Herron Rd.,,Herron,49744
Wellington Township,"Peter Madsen, Wellington Township",,(989) 464-6960,,wellington-tw@miqvf.org,5848 Collins Rd,,Lachine,49753
,,,,,,,,,
,,,,,,,,,
,,,,,,,,,
,,,,,,,,,
,,,,,,,,,
,,,,,,,,,
,,,,,,,,,
,,,,,,,,,
,,,,,,,,,
,,,,,,,,,
,,,,,,,,,
,,,,,,,,,
,,,,,,,,,
,,,,,,,,,
,,,,,,,,,
,,,,,,,,,
,,,,,,,,,
,,,,,,,,,
,,,,,,,,,
,,,,,,,,,
,,,,,,,,,
,,,,,,,,,
